{"noiseKey":{"private":{"type":"Buffer","data":"4I3N9MRoGVgleKPez//PgjEKQleShruOxjMb2ZaVBkU="},"public":{"type":"Buffer","data":"EvUPG/uXP9rVGXZcQcLozlKvaZNbgGJQy1IDzRfAD3o="}},"pairingEphemeralKeyPair":{"private":{"type":"Buffer","data":"8ILcEUqxdAoIn1brJm1tmiMaiN3sjb9fa9GJ217rxFs="},"public":{"type":"Buffer","data":"GHoTz+zcT1CdtZbX/JXiB0PSfdZwAMUs7vnrxodvtTs="}},"signedIdentityKey":{"private":{"type":"Buffer","data":"OBD2P7e/A/v3icyOLbZ45tUSfyOBisydC0Qi9A6Y6F0="},"public":{"type":"Buffer","data":"mIOs5zkLwCwlbh+tOA7gTMjpVHlixk0SYwxSY+YmDiI="}},"signedPreKey":{"keyPair":{"private":{"type":"Buffer","data":"0NpnXbv+ze6+7uOkgXkMk62CLJXP+9i8VonK0x1fjXw="},"public":{"type":"Buffer","data":"tt25pkyeCnn5tE8C2nsJh4HFeDWKwH/7O91AjudiNDI="}},"signature":{"type":"Buffer","data":"vgTbK2GT3F1285aSuhJUkRTrtjBtPvQEpOWi0YAs0FgxsVR0+NBude+nqNihVImu5Y6GpFZaHzJ4xxsiGhqaiQ=="},"keyId":1},"registrationId":219,"advSecretKey":"nQJJ5MmxU95Yp/qIr9ribRWyjeVQIZJXe3Ferra71fM=","processedHistoryMessages":[],"nextPreKeyId":31,"firstUnuploadedPreKeyId":31,"accountSyncCounter":0,"accountSettings":{"unarchiveChats":false},"deviceId":"VJgg1kI_QnKMK1H2-nDoLA","phoneId":"45835f00-5d0a-4662-98a5-0360b634ab41","identityId":{"type":"Buffer","data":"cTMAnrMFH5PO8/Kkx3t+6yCvNns="},"registered":true,"backupToken":{"type":"Buffer","data":"lfA27v986wIjq60m5R5nNPjP+NQ="},"registration":{},"pairingCode":"DRAY1922","me":{"id":"60142808841:86@s.whatsapp.net","name":"Di test","lid":"209547696320576:86@lid"},"account":{"details":"CISznIQEELbz48QGGAkgACgA","accountSignatureKey":"MRA0zXK1DBqjZYduTuRcItauYa+hRaqNgcQxOvKMllE=","accountSignature":"mEFObDM0jd8Fzsj6nDKIju5Dol2+ADKE9+X7cKDl8YOJmshTuzwUYFUwiCz1ngt2ydSyZeXxX183Zqmzb+J7Ag==","deviceSignature":"PIGP4LqiUd9WSlceoPqjv2gj0IkDfGYWjVXjpXecIOgB/bHIvkBOgpWGjMLy6DK9TKX5rsIIq1UhfF4GQqxhhw=="},"signalIdentities":[{"identifier":{"name":"60142808841:86@s.whatsapp.net","deviceId":0},"identifierKey":{"type":"Buffer","data":"BTEQNM1ytQwao2WHbk7kXCLWrmGvoUWqjYHEMTryjJZR"}}],"platform":"smba","routingInfo":{"type":"Buffer","data":"CA0ICA=="},"lastAccountSyncTimestamp":1754855865,"myAppStateKeyId":"AAAAABOW"}